desi,Aras,DHL eCommerce,Kolay Gelsin,PTT,Sürat,TEX,Yurtiçi
0,88.96,97.99,96.59,77.54,95.54,77.54,121.75
1,88.96,97.99,96.59,77.54,95.54,77.54,121.75
2,88.96,97.99,96.59,77.54,95.54,77.54,121.75
3,100.84,110.99,107.09,96.00,106.45,93.63,132.56
4,109.90,124.99,118.64,96.00,116.40,101.46,135.41
5,117.85,137.99,128.09,100.55,122.41,107.98,157.16
6,128.39,150.99,138.59,106.83,134.48,118.30,164.75
7,136.17,159.99,148.04,113.15,143.61,125.66,186.34
8,145.27,169.99,158.54,125.73,152.60,134.21,193.50
9,153.60,179.99,167.99,138.34,161.73,142.42,205.50
10,164.23,189.99,179.54,157.26,170.86,153.47,214.59
11,173.09,199.99,190.04,165.01,182.99,162.13,228.48
12,179.47,209.99,201.59,173.31,193.34,170.33,242.84
13,187.61,219.99,212.09,181.63,201.11,178.04,250.52
14,194.84,229.99,223.64,189.94,206.02,185.17,270.13
15,202.03,244.98,235.19,198.22,213.51,192.81,284.54
16,213.36,264.99,246.74,206.52,220.73,200.82,292.69
17,224.62,280.99,258.29,214.83,232.45,209.70,308.96
18,235.95,299.99,269.84,223.13,244.17,218.60,324.29
19,247.24,315.99,281.39,231.45,255.75,227.46,331.02
20,252.09,334.99,292.94,239.76,267.46,236.21,338.15
21,264.80,361.99,304.49,248.06,279.46,244.98,357.33
22,276.40,383.99,316.04,256.36,290.36,254.82,368.35
23,287.97,410.99,327.59,264.66,300.98,264.97,382.26
24,298.26,437.99,339.14,272.95,311.75,274.36,389.91
25,308.50,464.99,350.69,281.27,322.37,283.69,416.23
26,322.85,491.99,362.24,289.58,332.73,292.73,455.06
27,335.94,518.99,373.79,297.88,343.09,301.77,476.59
28,347.66,545.99,385.34,306.18,353.45,310.84,498.16
29,361.09,572.99,396.89,314.48,363.79,319.89,515.42
30,371.34,599.99,408.44,322.78,374.15,328.88,520.70
31,383.12,635.98,418.94,666.93,447.60,394.39,535.65
32,394.90,671.97,429.44,683.01,460.53,404.79,550.60
33,406.68,707.96,439.94,699.09,473.61,415.21,565.55
34,418.46,743.95,450.44,715.18,486.56,425.61,580.50
35,430.24,779.94,460.94,731.25,499.64,436.04,595.45
36,442.02,815.93,471.44,747.34,512.59,446.43,610.40
37,453.80,851.92,481.94,763.41,525.67,456.86,625.35
38,465.58,887.91,492.44,779.50,538.75,467.29,640.30
39,477.36,923.90,502.94,795.57,551.69,477.69,655.25
40,489.14,959.89,513.44,811.66,570.90,489.37,670.20
41,500.92,995.88,523.94,827.73,583.98,499.80,685.15
42,512.70,1031.87,534.44,843.82,597.20,510.26,700.10
43,524.48,1067.86,544.94,859.90,610.28,520.68,715.05
44,536.26,1103.85,555.44,875.98,623.50,531.13,730.00
45,548.04,1139.84,565.94,892.06,636.71,541.59,744.95
46,559.82,1175.83,576.44,908.14,649.79,552.02,759.90
47,571.60,1211.82,586.94,924.22,663.01,562.47,774.85
48,583.38,1247.81,597.44,940.31,676.09,572.89,789.80
49,595.17,1283.80,607.94,956.38,689.31,583.35,804.75
50,606.95,1319.79,618.44,972.47,702.52,593.80,819.70
51,618.73,1355.78,628.94,988.54,715.60,604.23,834.65
52,630.51,1391.77,639.44,1004.63,728.82,614.68,849.60
53,642.29,1427.76,649.94,1020.70,741.90,625.11,864.55
54,654.07,1463.75,660.44,1036.79,755.12,635.56,879.50
55,665.85,1499.74,670.94,1052.86,768.33,646.01,894.45
56,677.63,1535.73,681.44,1068.95,781.41,656.45,909.40
57,689.41,1571.72,691.94,1085.03,794.64,666.90,924.35
58,701.19,1607.71,702.44,1101.11,807.72,677.32,939.30
59,712.97,1643.70,712.94,1117.19,820.93,687.77,954.25
60,724.75,1679.69,723.44,1133.28,834.14,698.23,969.20
61,736.53,1715.68,733.94,1149.35,847.22,708.66,984.15
62,748.31,1751.67,744.44,1165.44,860.44,719.11,999.10
63,760.09,1787.66,754.94,1181.51,873.52,729.54,1014.05
64,771.87,1823.65,765.44,1197.60,886.74,739.99,1029.00
65,783.65,1859.64,775.94,1213.67,899.95,750.44,1043.95
66,795.43,1895.63,786.44,1229.76,913.03,760.88,1058.90
67,807.21,1931.62,796.94,1245.83,926.25,771.33,1073.86
68,818.99,1967.61,807.44,1261.92,939.33,781.75,1088.81
69,830.77,2003.60,817.94,1277.99,952.55,792.20,1103.76
70,842.56,2039.59,828.44,1294.08,965.76,802.66,1118.71
71,854.34,2075.58,838.94,1310.16,978.84,813.09,1133.66
72,866.12,2111.57,849.44,1326.24,992.06,823.54,1148.61
73,877.90,2147.56,859.94,1342.32,1005.14,833.97,1163.56
74,889.68,2183.55,870.44,1358.41,1018.36,844.42,1178.51
75,901.46,2219.54,880.94,1374.48,1031.58,854.87,1193.46
76,913.24,2255.53,891.44,1390.57,1044.66,865.30,1208.41
77,925.02,2291.52,901.94,1406.64,1057.87,875.76,1223.36
78,936.80,2327.51,912.44,1422.73,1070.95,886.18,1238.31
79,948.58,2363.50,922.94,1438.80,1084.17,896.63,1253.26
80,960.36,2399.49,933.44,1454.89,1097.39,907.09,1268.21
81,972.14,2435.48,943.94,1470.96,1110.47,917.52,1283.16
82,983.92,2471.47,954.44,1487.05,1123.68,927.97,1298.11
83,995.70,2507.46,964.94,1503.13,1136.76,938.40,1313.06
84,1007.48,2543.45,975.44,1519.21,1149.98,948.85,1328.01
85,1019.26,2579.44,985.94,1535.29,1163.20,959.30,1342.96
86,1031.04,2615.43,996.44,1551.37,1176.28,969.73,1357.91
87,1042.82,2651.42,1006.94,1567.45,1189.49,980.18,1372.86
88,1054.60,2687.41,1017.44,1583.54,1202.57,990.61,1387.81
89,1066.38,2723.40,1027.94,1599.61,1215.78,1001.06,1402.76
90,1078.17,2759.39,1038.44,1615.70,1229.01,1011.51,1417.71
91,1089.95,2795.38,1048.94,1631.77,1242.09,1021.95,1432.66
92,1101.73,2831.37,1059.44,1647.86,1255.30,1032.40,1447.61
